Age,Income,Credit_Score,Employment_Status,Existing_Loans,Loan_Amount,Approved
56.0,30743.08,808.0,Unemployed,0,2214.24,1
69.0,47128.6,548.0,Employed,2,23397.02,0
46.0,39900.46,568.0,Student,3,24409.96,0
,75079.86,524.0,Employed,1,19058.29,0
,8000.0,626.0,Employed,3,5907.3,0
25.0,66830.14,696.0,Employed,1,9551.89,1
38.0,69921.7,748.0,Unemployed,0,13163.42,0
56.0,8000.0,642.0,Employed,3,6370.32,0
36.0,38146.25,618.0,Employed,0,25538.77,0
40.0,37571.18,665.0,Employed,2,13154.61,0
28.0,16849.77,566.0,Student,2,500.0,0
28.0,29443.67,850.0,Unemployed,4,14714.85,0
41.0,22788.48,489.0,Self-Employed,3,9214.74,0
70.0,80045.41,668.0,Self-Employed,2,11400.59,0
53.0,63713.57,850.0,Employed,2,9051.05,1
57.0,70431.1,650.0,Employed,3,18456.37,0
41.0,59433.44,630.0,Student,2,20957.5,0
20.0,22418.96,614.0,Employed,2,14264.43,0
39.0,34509.59,631.0,,0,9285.51,0
70.0,54787.49,787.0,Employed,2,11669.3,1
19.0,20557.44,428.0,Employed,1,12156.8,0
41.0,59259.97,803.0,Employed,2,5580.56,1
61.0,40193.49,507.0,Self-Employed,2,,0
47.0,37503.58,623.0,Employed,2,15680.34,0
55.0,59219.2,607.0,Self-Employed,2,24323.53,0
19.0,53885.27,708.0,Employed,2,22042.8,0
38.0,37780.68,490.0,Employed,2,6514.6,0
50.0,,696.0,Employed,1,18562.39,1
29.0,23378.73,850.0,Unemployed,2,4392.37,0
39.0,57318.71,513.0,Employed,4,17567.46,0
61.0,56862.03,668.0,Self-Employed,0,7867.09,0
42.0,38809.07,583.0,Unemployed,0,3813.97,0
66.0,51522.66,692.0,Self-Employed,1,14240.36,0
,,651.0,Employed,0,500.0,1
59.0,63480.54,585.0,Employed,3,500.0,0
45.0,41301.96,698.0,Employed,0,10580.06,1
33.0,34545.54,830.0,Self-Employed,0,12659.53,0
32.0,65980.18,630.0,Employed,3,9045.45,0
64.0,30913.13,721.0,Unemployed,1,500.0,0
68.0,16830.77,520.0,Unemployed,2,5456.87,0
61.0,13867.42,554.0,Employed,0,15129.67,0
72.0,57120.2,697.0,Employed,0,16654.25,0
69.0,19391.41,798.0,Self-Employed,2,11870.22,0
74.0,80095.88,,Employed,0,21254.67,0
20.0,8000.0,618.0,Employed,0,15179.18,0
54.0,78929.13,649.0,Student,2,6020.35,0
68.0,49220.35,524.0,Employed,2,9755.98,0
24.0,43065.74,710.0,Student,2,777.07,0
38.0,34101.62,738.0,Unemployed,3,11134.89,0
26.0,52982.72,604.0,Unemployed,2,20896.8,0
56.0,44247.31,602.0,Employed,3,17482.32,0
35.0,67066.04,676.0,Employed,2,23216.07,0
,47284.55,606.0,,1,9576.92,0
42.0,,643.0,Employed,3,22768.8,0
31.0,37727.76,850.0,Employed,1,10453.57,1
67.0,43861.09,625.0,Employed,1,23772.68,0
26.0,51156.04,614.0,Employed,0,11825.15,0
43.0,10796.63,585.0,Employed,1,17657.85,0
70.0,18036.29,724.0,Unemployed,1,23800.9,0
19.0,59865.28,631.0,Employed,3,,0
37.0,48417.31,585.0,Employed,0,13747.11,0
45.0,41320.33,782.0,Self-Employed,1,22310.91,0
64.0,45368.68,791.0,Student,1,10935.97,0
24.0,51951.63,589.0,Employed,1,1432.86,1
61.0,34204.81,463.0,Employed,1,29144.06,0
25.0,29433.91,750.0,Self-Employed,1,8241.88,0
,48916.91,581.0,Student,0,13270.05,0
52.0,25432.54,729.0,Unemployed,1,21248.05,0
31.0,53165.06,452.0,Self-Employed,2,7132.05,0
34.0,10948.33,739.0,Employed,2,3937.06,0
53.0,65583.11,528.0,Self-Employed,0,14029.9,0
67.0,54451.95,723.0,Employed,1,500.0,1
57.0,50120.59,651.0,Self-Employed,6,9696.75,0
21.0,64653.82,554.0,Unemployed,1,13960.31,0
19.0,78309.49,609.0,Student,1,9840.38,0
23.0,65287.4,718.0,Employed,1,500.0,1
71.0,8182.52,,Employed,1,24753.42,0
59.0,19408.46,708.0,Self-Employed,1,12828.31,0
21.0,32503.63,847.0,Unemployed,3,23449.22,0
71.0,45521.82,493.0,Unemployed,1,9919.71,0
46.0,55353.18,811.0,Employed,1,4959.9,1
35.0,30485.12,660.0,Employed,0,14153.45,0
,48735.34,560.0,Self-Employed,3,10273.7,0
61.0,29892.34,,Employed,0,2577.91,0
51.0,32769.64,631.0,Unemployed,0,23758.27,0
,16866.78,742.0,Employed,2,7021.84,0
53.0,26535.34,637.0,Unemployed,1,500.0,0
31.0,,801.0,Self-Employed,3,22625.33,0
48.0,25482.53,504.0,Unemployed,1,7965.62,0
65.0,66072.84,648.0,Employed,0,7137.41,0
32.0,26012.02,524.0,Unemployed,5,500.0,0
25.0,97647.64,686.0,Employed,1,25927.53,0
31.0,54866.36,738.0,Self-Employed,2,1684.16,1
40.0,48696.72,607.0,,2,,0
74.0,27832.84,389.0,Employed,0,19300.96,0
57.0,59006.2,669.0,Employed,0,15373.74,0
38.0,33487.24,693.0,Employed,1,11522.77,0
33.0,47440.2,690.0,Student,3,,0
62.0,96201.69,773.0,Employed,1,5522.2,1
35.0,43078.8,542.0,Unemployed,2,13502.4,0
64.0,67985.47,718.0,Student,0,5702.61,0
70.0,30936.47,,Employed,2,13626.88,1
41.0,44300.23,472.0,Self-Employed,0,17453.95,0
43.0,80416.01,681.0,Employed,1,19700.02,0
42.0,32460.66,599.0,Employed,0,2190.57,0
62.0,81248.97,641.0,Employed,1,29573.17,0
58.0,59155.04,684.0,Student,1,18139.83,0
46.0,33750.66,601.0,Employed,0,11986.29,0
32.0,57648.15,582.0,Self-Employed,1,20716.29,0
62.0,64451.09,653.0,Self-Employed,1,30923.26,0
,57436.2,,Unemployed,1,500.0,0
42.0,,541.0,Employed,2,10197.9,0
24.0,30457.26,717.0,Self-Employed,1,500.0,0
26.0,40049.63,535.0,Self-Employed,3,13541.21,0
41.0,,716.0,Self-Employed,1,14923.15,0
18.0,57413.44,696.0,Student,0,11686.7,0
61.0,48554.02,477.0,Unemployed,2,6763.73,0
25.0,18293.11,582.0,Employed,3,500.0,0
,52603.96,769.0,Employed,2,,1
28.0,57211.71,551.0,Employed,1,23643.48,0
68.0,56195.81,603.0,Employed,1,7271.85,1
34.0,66615.61,696.0,Employed,2,15520.48,1
25.0,61678.44,728.0,Employed,2,500.0,1
52.0,54183.6,624.0,Employed,2,15657.7,0
52.0,43596.69,590.0,Student,2,8852.94,0
50.0,11780.78,792.0,Employed,2,5900.66,1
22.0,53592.36,823.0,Student,6,5917.09,0
59.0,49153.75,747.0,Employed,0,8851.11,1
56.0,50431.58,658.0,Self-Employed,2,15059.47,0
58.0,,569.0,Unemployed,2,,0
45.0,23378.87,566.0,Employed,0,8823.08,0
24.0,66063.06,702.0,Employed,2,11668.23,0
26.0,44208.9,691.0,Employed,1,3207.69,1
25.0,58630.01,790.0,Employed,1,26373.32,0
29.0,45566.37,715.0,Student,4,5172.04,0
51.0,45595.12,499.0,Unemployed,3,,0
50.0,63765.68,755.0,Employed,1,4173.54,1
65.0,34679.11,550.0,Employed,0,26387.84,0
72.0,46922.42,611.0,Employed,0,16423.24,0
40.0,35754.49,675.0,Employed,0,4507.26,0
41.0,36310.08,,Self-Employed,2,20849.85,0
54.0,38816.56,,Employed,2,13605.59,1
52.0,49442.68,710.0,Self-Employed,5,14058.03,0
61.0,35425.03,631.0,Employed,1,9244.18,1
57.0,70115.12,703.0,Employed,0,6004.67,0
,27107.85,738.0,Self-Employed,1,14702.13,0
44.0,41262.57,617.0,Employed,2,7639.3,0
52.0,36205.38,829.0,Student,1,,0
18.0,73939.56,673.0,Unemployed,3,1845.67,0
52.0,48931.1,699.0,Employed,2,24289.25,0
54.0,65636.89,716.0,Employed,1,11109.45,1
64.0,15288.79,692.0,Unemployed,3,14392.69,0
31.0,50341.01,733.0,Student,0,18665.26,0
20.0,62792.62,588.0,Unemployed,0,6958.01,0
18.0,46645.68,594.0,Employed,1,18913.99,0
22.0,66309.61,539.0,Student,4,500.0,0
43.0,34654.23,693.0,Employed,2,6240.08,0
72.0,73186.95,727.0,Unemployed,0,4607.5,0
31.0,90977.96,695.0,Student,1,1971.95,0
56.0,37743.23,817.0,Employed,1,10280.36,1
44.0,36089.95,649.0,Student,2,15086.0,0
26.0,74067.69,716.0,Employed,3,17621.28,1
32.0,76591.44,540.0,Student,3,13927.01,0
32.0,34542.8,611.0,Employed,3,6674.45,0
43.0,36596.26,,Student,1,14952.13,0
59.0,39364.31,734.0,Employed,1,12994.29,1
30.0,18110.99,620.0,Unemployed,1,19488.45,0
68.0,26626.96,642.0,Self-Employed,0,18215.49,0
49.0,24917.18,498.0,,2,12243.81,0
56.0,29644.05,614.0,Employed,1,4821.98,0
66.0,,739.0,Unemployed,3,6776.4,0
69.0,49684.29,707.0,Employed,2,7601.69,1
49.0,76010.01,700.0,Self-Employed,1,9477.87,0
21.0,,654.0,Employed,1,14144.4,0
47.0,64686.45,650.0,Student,2,17721.4,0
54.0,40720.22,583.0,,0,11591.05,0
40.0,44010.73,719.0,Employed,3,12129.0,0
56.0,58496.39,692.0,Employed,1,13146.45,1
62.0,22545.56,699.0,,0,7872.76,1
32.0,52648.19,,Employed,0,4596.86,0
60.0,48329.04,434.0,Employed,1,500.0,0
46.0,54849.03,759.0,Unemployed,0,6438.81,0
53.0,50783.37,602.0,Unemployed,2,15785.16,0
30.0,94106.0,563.0,Self-Employed,1,6376.71,0
49.0,32245.2,719.0,Employed,0,,0
24.0,34380.06,610.0,Self-Employed,0,15731.45,0
68.0,32537.19,755.0,Employed,1,16165.52,0
39.0,33890.46,711.0,Unemployed,0,3363.74,0
45.0,32252.26,718.0,Employed,2,19976.47,0
19.0,68780.33,513.0,Employed,1,21018.8,0
59.0,73410.08,771.0,Employed,2,2961.2,1
62.0,33585.07,676.0,Unemployed,1,5409.31,0
74.0,28352.89,,Employed,0,21528.73,1
,54428.31,664.0,Self-Employed,1,,0
23.0,33955.54,472.0,Employed,6,500.0,0
45.0,57658.64,690.0,Unemployed,2,802.55,0
45.0,49058.46,547.0,Student,1,10005.04,0
61.0,14685.12,514.0,Employed,2,2695.66,0
61.0,75950.1,497.0,Employed,3,8692.61,0
37.0,80917.55,,Student,1,12259.17,0
47.0,32744.23,587.0,Self-Employed,3,23698.04,0
28.0,37245.97,803.0,Employed,0,9676.37,0
72.0,50717.31,596.0,Self-Employed,2,20580.33,0
45.0,51689.14,479.0,Self-Employed,0,23430.08,0
42.0,58170.89,,Employed,3,23474.48,0
56.0,85204.09,773.0,Unemployed,2,14278.04,0
,41461.06,634.0,Employed,4,500.0,0
18.0,29034.06,595.0,Employed,1,15686.6,0
,17413.62,666.0,Unemployed,3,20387.2,0
44.0,30381.4,700.0,Employed,0,11351.46,0
74.0,44337.46,761.0,Employed,2,25956.67,0
69.0,80891.16,794.0,Self-Employed,1,18878.67,0
30.0,34647.77,614.0,Student,1,16546.19,0
58.0,49475.76,517.0,Student,0,20691.05,0
20.0,44671.54,608.0,Student,1,14666.96,0
56.0,68767.87,676.0,Unemployed,0,500.0,0
23.0,95538.65,,Employed,0,8006.89,0
25.0,,554.0,Employed,2,21577.34,0
44.0,35211.21,684.0,Unemployed,0,5539.27,0
26.0,65883.22,645.0,Employed,0,10212.22,1
54.0,58637.83,653.0,Self-Employed,3,3641.31,0
50.0,81934.15,574.0,Self-Employed,2,26271.38,0
68.0,56678.56,626.0,Employed,1,,0
59.0,37814.16,557.0,Student,4,4929.05,0
,56813.1,739.0,Self-Employed,2,13178.38,0
41.0,67174.07,753.0,Employed,3,6556.05,1
32.0,61409.64,465.0,Student,2,16919.56,0
71.0,55145.48,557.0,Employed,1,16077.46,0
49.0,,500.0,Employed,2,18493.64,0
49.0,68385.91,584.0,Self-Employed,3,14655.35,0
41.0,72643.18,641.0,Unemployed,2,35483.25,0
58.0,,505.0,Unemployed,1,3776.61,0
69.0,41657.64,557.0,Unemployed,2,500.0,0
66.0,47934.27,549.0,,2,8855.28,0
66.0,69130.18,670.0,Employed,1,500.0,1
69.0,28661.29,656.0,Unemployed,1,500.0,1
29.0,52373.47,577.0,Student,0,3989.48,0
56.0,37133.22,667.0,Employed,1,4622.49,1
19.0,45574.9,,Employed,0,4363.06,0
20.0,70569.04,622.0,Student,2,16145.75,0
66.0,48821.98,817.0,Unemployed,2,7950.49,0
54.0,45928.73,,Student,2,10563.88,0
66.0,17802.88,520.0,Student,0,19153.86,0
73.0,59925.07,732.0,Self-Employed,2,5869.42,1
34.0,57909.68,731.0,Self-Employed,2,9883.63,1
66.0,88265.09,535.0,Self-Employed,3,14926.08,0
19.0,38844.44,731.0,Employed,3,500.0,1
19.0,49383.01,803.0,Unemployed,3,500.0,0
45.0,49987.67,537.0,Self-Employed,2,14768.94,0
71.0,76549.07,558.0,Self-Employed,2,15936.11,0
,,,Self-Employed,0,28513.76,0
,50580.43,677.0,Employed,2,13264.76,1
49.0,57157.93,705.0,Employed,2,18557.92,1
50.0,48732.18,684.0,Employed,2,10436.22,0
18.0,36071.33,689.0,Employed,0,14377.82,0
36.0,48881.8,517.0,Employed,0,,0
19.0,66472.63,754.0,Student,2,500.0,0
70.0,24469.69,766.0,Employed,1,15308.93,0
61.0,47659.39,627.0,Employed,2,29084.69,0
43.0,30997.58,645.0,Self-Employed,2,14256.27,0
49.0,,496.0,Self-Employed,4,25204.58,0
23.0,14536.26,701.0,Employed,0,6966.3,1
49.0,33821.56,707.0,Unemployed,1,11743.62,0
72.0,52544.24,643.0,Unemployed,0,,0
,76310.48,762.0,Employed,0,500.0,1
72.0,43684.99,616.0,Employed,0,2654.58,0
28.0,33896.01,706.0,Student,1,3225.0,0
73.0,82623.14,548.0,Unemployed,2,18576.53,0
34.0,16039.72,647.0,Self-Employed,0,18977.22,0
55.0,8000.0,632.0,Employed,1,14592.29,0
41.0,53800.29,672.0,Employed,3,18592.82,0
22.0,34958.92,613.0,Self-Employed,1,10686.8,0
69.0,24575.34,636.0,Employed,3,21615.45,0
51.0,59167.13,732.0,Employed,3,12070.31,1
23.0,49876.01,606.0,Self-Employed,2,12462.91,0
39.0,33718.43,489.0,Employed,1,9875.26,0
28.0,19393.91,824.0,Unemployed,1,17475.6,0
65.0,62449.15,788.0,Unemployed,1,8630.41,0
33.0,58004.02,520.0,,1,19811.45,0
50.0,43016.48,718.0,Unemployed,0,,0
26.0,81932.74,599.0,Employed,2,3208.67,0
23.0,23598.3,676.0,Unemployed,1,17499.41,0
33.0,14489.5,679.0,Employed,3,11291.65,0
46.0,31161.84,626.0,Employed,2,8368.87,0
20.0,44088.28,571.0,Self-Employed,2,19120.46,0
37.0,49866.79,580.0,Employed,0,7141.91,0
53.0,40175.28,558.0,Student,2,10398.39,0
36.0,52041.11,566.0,Employed,1,23193.82,0
43.0,19969.21,643.0,Employed,3,24313.14,0
20.0,73875.29,578.0,,2,24579.19,0
36.0,43356.98,718.0,Employed,0,9742.99,1
37.0,67345.92,798.0,Employed,4,21845.62,0
49.0,51854.51,591.0,Self-Employed,2,4408.38,0
24.0,54135.06,673.0,Unemployed,3,4744.78,0
69.0,56395.35,699.0,Unemployed,0,500.0,0
58.0,53954.17,697.0,Student,1,25382.95,0
50.0,57854.46,657.0,Employed,2,5088.16,0
57.0,71583.05,724.0,Unemployed,2,10987.74,0
56.0,,698.0,Employed,1,4717.41,1
35.0,59180.08,526.0,Self-Employed,1,17561.32,0
57.0,43205.29,736.0,Employed,1,8994.93,1
18.0,73802.34,738.0,Student,2,1561.46,0
28.0,31472.15,573.0,Unemployed,3,15533.3,0
45.0,81018.81,653.0,Student,3,530.16,0
74.0,44196.84,,Unemployed,1,5300.75,0
42.0,16384.5,629.0,Student,1,500.0,0
67.0,47562.09,757.0,Unemployed,1,608.34,0
40.0,31378.97,850.0,Employed,3,13428.23,0
,61812.87,571.0,Employed,3,500.0,0
47.0,31947.52,511.0,,2,500.0,0
59.0,36076.33,680.0,Employed,1,11981.05,0
52.0,8000.0,722.0,Self-Employed,0,7651.14,0
24.0,35953.87,,Self-Employed,1,27936.29,0
33.0,8000.0,795.0,Self-Employed,1,,0
43.0,13321.94,516.0,Student,1,5056.62,0
65.0,60208.29,719.0,Student,2,16457.1,0
74.0,60716.0,589.0,Employed,3,17994.26,0
69.0,53509.15,821.0,Employed,3,7220.17,1
66.0,25660.48,849.0,Employed,1,500.0,1
19.0,44045.77,573.0,Employed,2,11901.61,0
18.0,44927.95,595.0,Unemployed,1,10617.23,0
65.0,21832.71,735.0,Self-Employed,2,8513.88,0
29.0,75067.97,611.0,Self-Employed,0,,0
22.0,62547.25,645.0,Unemployed,1,5994.16,0
54.0,40580.72,652.0,Unemployed,0,2784.02,0
49.0,45537.72,458.0,Employed,1,12872.66,0
72.0,,648.0,Unemployed,1,15087.76,0
,8000.0,581.0,Employed,1,2586.84,0
58.0,40056.45,600.0,Employed,0,19424.72,0
52.0,31360.32,794.0,Employed,2,500.0,0
36.0,24967.6,524.0,Employed,1,7375.09,0
65.0,39377.99,731.0,Employed,3,9935.93,1
33.0,80953.73,622.0,Employed,0,6910.21,1
,57816.86,622.0,Self-Employed,1,7479.52,1
37.0,33576.42,,Unemployed,4,26968.6,0
41.0,56451.66,684.0,Employed,1,5192.93,1
71.0,72987.11,707.0,Employed,0,31529.77,0
73.0,63492.67,746.0,Unemployed,1,15497.01,0
50.0,46192.61,616.0,Employed,1,12736.44,0
41.0,32061.26,588.0,Student,2,15809.92,0
69.0,58964.47,541.0,Self-Employed,2,32239.42,0
28.0,52869.71,567.0,Employed,3,,0
66.0,62903.86,,Employed,3,3036.66,1
25.0,57703.44,774.0,Employed,2,5961.07,1
53.0,65991.05,514.0,Employed,1,,0
55.0,34295.3,517.0,Employed,3,500.0,0
57.0,71347.88,698.0,Self-Employed,1,12178.71,0
37.0,48951.99,704.0,Employed,1,25548.38,1
52.0,86505.22,704.0,Self-Employed,1,13211.26,0
65.0,31216.24,624.0,Self-Employed,1,9658.52,0
42.0,79719.28,637.0,Employed,1,7054.72,0
52.0,48958.22,682.0,Employed,0,19188.09,0
42.0,31971.64,658.0,Employed,3,5393.34,0
46.0,35322.28,428.0,Employed,3,26771.17,0
35.0,38593.05,627.0,Unemployed,3,27466.88,0
63.0,53483.32,564.0,Employed,2,14054.01,0
35.0,55456.71,667.0,Unemployed,1,11907.88,0
19.0,33526.0,850.0,,1,20245.28,0
71.0,44512.91,686.0,Employed,1,20758.39,0
52.0,87845.41,618.0,Self-Employed,2,5552.07,0
33.0,79550.86,742.0,Unemployed,0,7787.56,0
58.0,53726.47,698.0,Employed,0,1421.22,0
53.0,45760.07,692.0,Employed,2,15272.52,0
50.0,47400.63,710.0,Self-Employed,0,17333.02,0
21.0,57270.36,850.0,Employed,4,1200.59,1
50.0,24544.15,536.0,Employed,0,8358.41,0
,39852.47,697.0,Self-Employed,0,1221.97,1
38.0,11628.32,557.0,Employed,1,4809.6,0
65.0,52984.46,705.0,Self-Employed,1,16408.14,1
37.0,57943.92,558.0,,4,6132.14,0
73.0,35336.27,608.0,Unemployed,1,9593.39,0
25.0,76479.74,620.0,Unemployed,1,500.0,0
24.0,20484.69,747.0,Self-Employed,2,13495.92,0
20.0,15712.5,741.0,Self-Employed,1,11645.81,0
34.0,49489.04,525.0,Unemployed,5,6168.33,0
50.0,65941.97,655.0,Employed,3,10487.89,0
65.0,78678.55,579.0,Employed,4,13442.36,0
29.0,35822.31,524.0,Unemployed,2,5481.05,0
68.0,66573.62,628.0,Self-Employed,1,500.0,0
39.0,44229.83,619.0,Employed,1,26444.6,0
72.0,41547.45,850.0,Student,2,6933.82,0
39.0,62673.2,693.0,Employed,1,11225.92,1
63.0,58046.46,512.0,Unemployed,2,20086.72,0
47.0,13472.16,593.0,Unemployed,2,40232.44,0
55.0,,752.0,Student,1,2044.11,0
55.0,72601.83,850.0,Employed,1,15598.62,1
62.0,32488.75,491.0,Self-Employed,1,6339.58,0
68.0,52916.07,462.0,Employed,3,7689.68,0
71.0,54880.6,837.0,Employed,1,6238.3,1
25.0,50213.48,688.0,Employed,2,2994.76,0
44.0,33993.9,563.0,Self-Employed,3,11669.67,0
44.0,31567.53,703.0,Employed,1,500.0,1
51.0,44488.92,,Employed,0,19574.46,0
38.0,,650.0,Self-Employed,3,12440.02,0
47.0,55872.0,682.0,Unemployed,2,15379.48,0
50.0,37587.71,742.0,Unemployed,1,8270.49,0
45.0,60433.97,548.0,Student,2,9062.37,0
64.0,8000.0,658.0,Employed,0,14300.51,0
50.0,67975.31,557.0,Student,0,2687.59,0
22.0,10205.72,675.0,Unemployed,0,9136.08,0
65.0,37751.18,560.0,Employed,2,,0
36.0,22606.6,609.0,Employed,0,4875.45,0
21.0,19106.37,550.0,Employed,2,500.0,0
52.0,68216.54,715.0,,1,22714.61,0
66.0,35645.98,735.0,Self-Employed,1,6507.69,0
34.0,51930.08,626.0,Self-Employed,3,21307.01,0
61.0,44061.59,653.0,Unemployed,1,20550.34,0
45.0,54540.82,505.0,Self-Employed,1,1712.0,0
47.0,46536.44,620.0,Employed,0,3292.71,0
46.0,19340.16,644.0,Unemployed,4,32484.02,0
63.0,64925.34,850.0,Employed,0,26007.41,1
70.0,35124.87,538.0,Student,4,11747.85,0
23.0,,,Employed,1,14058.98,0
52.0,36437.7,749.0,Student,2,6953.23,0
58.0,75015.2,678.0,Employed,1,15458.82,0
54.0,62004.43,825.0,Employed,1,6262.54,1
41.0,38026.96,687.0,Employed,1,500.0,0
46.0,38014.85,688.0,Unemployed,1,1427.55,0
66.0,,644.0,Unemployed,1,12168.74,0
63.0,86534.96,772.0,Employed,1,2951.46,1
70.0,52638.71,759.0,Student,0,11461.78,0
48.0,53600.83,587.0,Self-Employed,3,3402.71,0
52.0,65605.67,518.0,Self-Employed,1,5741.17,0
,49775.78,629.0,Unemployed,0,18825.32,0
69.0,39819.16,569.0,Employed,3,13979.84,0
38.0,,643.0,Employed,1,11922.68,0
49.0,43567.97,773.0,Student,2,19031.71,0
40.0,44255.56,604.0,Student,1,15844.87,0
50.0,,645.0,Student,2,23572.51,0
20.0,46038.92,655.0,Student,1,8321.13,0
35.0,59652.8,,Employed,2,8562.92,1
42.0,43385.67,425.0,Unemployed,4,1591.13,0
59.0,46572.7,589.0,Employed,0,8568.15,0
48.0,8000.0,671.0,Student,1,19718.16,0
71.0,63326.55,770.0,Employed,0,22399.9,1
20.0,51929.77,600.0,Self-Employed,0,19682.44,0
57.0,64960.2,462.0,Self-Employed,2,500.0,0
,8000.0,711.0,Employed,0,20665.16,0
41.0,86767.49,586.0,Employed,1,500.0,0
67.0,42208.21,531.0,Student,0,19184.94,0
,67163.66,,Unemployed,0,9057.72,0
64.0,24201.88,631.0,Employed,3,17620.27,0
39.0,57255.48,589.0,Unemployed,3,1340.41,0
40.0,23931.69,429.0,Self-Employed,1,21369.34,0
19.0,32524.62,739.0,Employed,3,500.0,1
44.0,83280.63,777.0,Employed,1,6652.36,1
59.0,41186.35,715.0,Unemployed,5,4015.24,0
19.0,49348.66,536.0,Unemployed,1,500.0,0
43.0,62401.35,629.0,Self-Employed,3,,0
34.0,54913.64,649.0,Self-Employed,1,26448.71,0
57.0,48008.38,709.0,Employed,2,33335.24,0
50.0,,716.0,Employed,1,,0
26.0,93068.31,576.0,Employed,2,20933.45,0
60.0,43847.62,658.0,Employed,0,13856.76,0
71.0,49021.98,695.0,Self-Employed,2,15991.07,0
65.0,66013.09,795.0,Student,1,,0
,67110.52,720.0,Employed,1,13560.62,1
46.0,68740.61,728.0,Employed,2,16299.83,0
59.0,57774.6,658.0,Self-Employed,1,7372.32,0
72.0,22139.9,791.0,Unemployed,2,11380.05,0
43.0,77668.63,690.0,Unemployed,0,11532.56,0
52.0,22073.09,563.0,Unemployed,0,18611.23,0
67.0,51052.71,790.0,Self-Employed,2,3471.74,1
42.0,29914.48,719.0,Unemployed,1,11587.66,0
41.0,43717.23,605.0,,1,,0
30.0,,,Employed,4,21312.48,0
24.0,51427.14,679.0,Employed,2,22793.43,0
74.0,53438.42,696.0,Self-Employed,1,12195.45,1
53.0,77274.23,669.0,Student,1,14567.98,0
62.0,54070.69,681.0,Unemployed,1,20017.89,0
,40116.87,,Employed,2,24482.04,0
,64281.74,757.0,Employed,1,500.0,1
25.0,68789.41,669.0,Employed,3,1476.47,1
63.0,,744.0,Employed,0,22475.55,0
33.0,56948.0,546.0,Self-Employed,0,9784.89,0
31.0,59023.45,689.0,Student,4,6626.23,0
29.0,39048.73,830.0,Student,2,1966.71,0
68.0,72514.14,628.0,Self-Employed,2,7559.87,0
40.0,41998.89,565.0,Unemployed,1,781.05,0
,47511.53,584.0,Self-Employed,3,28728.75,0
45.0,41538.56,541.0,Employed,3,11820.51,0
51.0,45311.58,571.0,Self-Employed,2,11536.4,0
19.0,23074.5,612.0,Self-Employed,0,16704.61,0
49.0,16198.98,509.0,Unemployed,0,19698.76,0
40.0,76890.1,651.0,Employed,0,19567.11,0
39.0,,740.0,Employed,1,20588.98,0
68.0,25172.15,559.0,Employed,0,6953.24,0
42.0,8000.0,801.0,Student,2,9617.07,0
39.0,,701.0,Employed,0,18152.25,0
39.0,18538.2,753.0,Unemployed,4,7780.89,0
66.0,77840.3,584.0,Unemployed,0,11959.15,0
69.0,65196.34,735.0,Employed,0,15190.11,0
59.0,31236.99,540.0,Self-Employed,0,18281.48,0
23.0,90048.72,739.0,Student,2,500.0,0
32.0,64635.31,667.0,Employed,0,17717.97,0
71.0,38503.37,705.0,Student,2,10130.21,0
60.0,8000.0,532.0,Employed,1,17659.66,0
54.0,90818.85,560.0,Employed,2,18215.45,0
50.0,17208.55,709.0,Student,1,24863.32,0
25.0,12092.03,555.0,Unemployed,2,22827.63,0
70.0,65451.41,696.0,Student,3,22772.57,0
61.0,93795.05,513.0,Self-Employed,0,23549.36,0
61.0,72685.46,,Student,3,14331.03,0
22.0,56278.18,,Unemployed,3,12257.48,0
,56895.09,705.0,Unemployed,2,18982.54,0
21.0,62068.31,712.0,Self-Employed,1,17856.65,0
23.0,60178.57,580.0,Employed,1,9527.47,0
62.0,50623.83,708.0,Student,3,15238.59,0
49.0,47084.02,676.0,Employed,2,11719.23,1
69.0,43748.14,,Self-Employed,1,,0
47.0,29920.71,549.0,Employed,2,22323.69,0
64.0,39386.5,,Self-Employed,0,12441.59,0
52.0,11140.86,684.0,Employed,0,28389.67,0
72.0,43033.21,493.0,Employed,3,500.0,0
57.0,25228.18,659.0,,1,7545.77,0
69.0,22928.21,623.0,Employed,2,12261.11,0
33.0,48597.88,717.0,Self-Employed,1,21099.05,0
30.0,72840.05,619.0,Employed,1,15195.75,0
67.0,,617.0,Employed,1,14483.78,0
59.0,13589.99,723.0,Employed,4,2981.89,0
47.0,25207.44,683.0,Unemployed,0,2744.47,0
36.0,63815.42,681.0,Employed,1,14580.04,0
34.0,25350.25,696.0,Student,3,1087.15,0
,40507.34,496.0,Employed,0,7744.98,0
36.0,56001.04,725.0,Employed,1,16007.34,1
45.0,25633.11,711.0,Employed,1,4141.41,0
72.0,47107.51,548.0,Employed,0,24842.85,0
43.0,18319.49,625.0,Unemployed,3,21791.49,0
54.0,32972.65,646.0,Unemployed,0,500.0,0
43.0,51395.64,636.0,Self-Employed,2,4541.03,0
70.0,13140.13,,,0,500.0,1
40.0,53809.49,793.0,Employed,2,5739.27,1
26.0,44607.24,758.0,Employed,1,18131.11,0
29.0,56049.8,518.0,Student,3,8688.84,0
70.0,49478.28,712.0,Employed,3,,0
18.0,72282.81,782.0,Unemployed,2,500.0,0
18.0,,688.0,Employed,3,18383.8,0
64.0,36411.89,759.0,Employed,2,7559.13,0
51.0,47445.95,850.0,Employed,1,12097.36,1
49.0,55865.96,752.0,Employed,0,11257.0,1
71.0,45977.2,674.0,Unemployed,2,1827.61,0
65.0,45811.83,754.0,Employed,0,2775.33,1
42.0,30960.17,664.0,Unemployed,1,19742.36,0
,31741.98,652.0,Employed,0,15191.94,0
62.0,16947.89,614.0,Student,0,20400.39,0
70.0,79991.53,806.0,Employed,4,14597.27,1
18.0,20122.74,568.0,Student,2,13143.93,0
33.0,31141.9,803.0,Unemployed,0,500.0,0
56.0,30631.85,699.0,Student,3,9837.07,0
22.0,62898.49,510.0,Employed,0,11780.93,0
39.0,39101.01,686.0,Unemployed,1,27624.86,0
46.0,69954.84,439.0,Employed,2,17495.65,0
72.0,31530.19,712.0,Employed,2,24288.49,0
20.0,50579.88,738.0,Employed,1,16780.3,0
29.0,28293.06,590.0,Employed,4,6309.57,0
43.0,87902.98,662.0,Student,1,12936.99,0
33.0,21248.03,845.0,Employed,2,,1
68.0,51196.41,599.0,Self-Employed,3,4486.76,1
54.0,57675.54,544.0,Self-Employed,0,8924.9,0
39.0,53275.98,798.0,Self-Employed,2,10353.86,0
74.0,41294.25,846.0,Self-Employed,1,24844.96,0
46.0,42403.59,650.0,Employed,1,500.0,1
31.0,45876.23,751.0,Self-Employed,1,21646.55,0
45.0,42059.96,784.0,Employed,1,4505.64,1
22.0,64277.58,575.0,Student,2,1023.37,0
64.0,89210.46,601.0,,2,21439.54,0
66.0,33850.16,773.0,Student,1,17855.18,0
47.0,17603.94,818.0,Employed,2,22036.15,0
63.0,43234.36,706.0,,3,18405.62,0
69.0,96594.19,562.0,Employed,2,28478.76,0
22.0,28926.51,848.0,Employed,2,16469.79,1
29.0,77782.34,596.0,Employed,3,10748.18,0
33.0,78554.02,616.0,Self-Employed,1,14743.41,0
43.0,33928.24,684.0,Employed,1,21947.75,0
43.0,56379.66,805.0,Self-Employed,2,5765.0,1
65.0,77567.93,735.0,Student,0,6784.89,0
38.0,,691.0,Self-Employed,2,9528.32,0
56.0,,696.0,Employed,0,500.0,1
53.0,33366.38,,Employed,1,13104.63,0
50.0,24704.87,,Employed,0,500.0,1
47.0,32014.45,397.0,Employed,1,12424.47,0
54.0,20521.19,620.0,Self-Employed,1,18922.32,0
40.0,45681.67,674.0,Employed,2,8184.99,0
27.0,29600.54,534.0,Unemployed,1,25416.93,0
71.0,49675.72,688.0,Unemployed,2,500.0,0
22.0,13882.09,629.0,Self-Employed,1,21530.09,0
53.0,51617.6,825.0,Employed,2,17401.1,1
51.0,61670.58,807.0,Employed,1,500.0,1
69.0,8000.0,603.0,Unemployed,1,33686.35,0
48.0,52481.13,634.0,Employed,1,11490.04,0
27.0,69553.38,642.0,Employed,2,4980.13,0
36.0,,604.0,Employed,2,743.3,0
49.0,78451.45,669.0,Employed,0,10239.86,1
18.0,53380.38,574.0,Unemployed,1,10980.75,0
73.0,30899.76,536.0,Employed,0,,0
22.0,43884.62,712.0,Self-Employed,4,9617.63,0
62.0,56166.54,712.0,Employed,1,17065.8,1
21.0,46520.11,569.0,Self-Employed,2,8898.96,0
33.0,55775.12,739.0,Unemployed,1,500.0,0
41.0,26586.53,586.0,Unemployed,0,10805.11,0
33.0,48387.22,675.0,Employed,0,500.0,1
72.0,16725.71,732.0,Employed,4,14830.17,0
19.0,,646.0,Employed,0,4165.6,0
66.0,26921.85,695.0,Self-Employed,1,13306.88,0
45.0,30289.4,598.0,Self-Employed,2,22512.6,0
49.0,69721.86,630.0,Self-Employed,0,4410.01,0
44.0,66826.2,629.0,Employed,0,20490.05,0
37.0,57182.76,575.0,Self-Employed,3,8532.88,0
41.0,23153.74,632.0,Employed,1,26025.56,0
29.0,38671.83,495.0,Unemployed,0,9078.78,0
67.0,69261.95,600.0,Employed,2,5276.06,0
52.0,47834.34,621.0,Unemployed,2,17497.91,0
,91386.59,624.0,Employed,3,8513.68,0
50.0,52866.36,625.0,Employed,0,5268.4,0
68.0,48840.98,643.0,Unemployed,0,8177.28,0
60.0,38817.67,697.0,Employed,0,11643.15,1
54.0,47670.82,737.0,Unemployed,2,22737.44,0
29.0,41950.6,585.0,Self-Employed,1,500.0,0
20.0,59162.17,529.0,Self-Employed,1,12184.65,0
18.0,64134.05,545.0,Employed,1,16999.23,0
50.0,29280.21,601.0,Employed,1,13547.59,0
57.0,18375.34,614.0,Self-Employed,1,22478.92,0
27.0,,573.0,Employed,0,11405.24,0
60.0,55159.83,520.0,Self-Employed,0,10523.59,0
61.0,22932.67,604.0,,1,16738.64,0
46.0,8000.0,668.0,Employed,3,12794.51,0
30.0,52771.57,709.0,Employed,0,8876.73,1
29.0,94859.99,594.0,Employed,0,16129.15,0
48.0,44878.58,608.0,Employed,1,6779.77,0
63.0,61769.82,557.0,Unemployed,0,7110.58,0
19.0,46636.59,646.0,Unemployed,0,,0
68.0,43022.21,565.0,Employed,1,22824.55,0
67.0,63381.53,707.0,Student,2,500.0,0
,39194.51,471.0,Self-Employed,0,15164.79,0
40.0,50347.85,614.0,Student,0,12274.17,0
34.0,51433.96,680.0,,5,500.0,0
43.0,31638.19,668.0,Unemployed,1,14477.81,0
25.0,64840.85,850.0,Employed,0,15806.02,1
46.0,41500.8,684.0,Employed,0,,0
43.0,29885.1,549.0,Employed,3,500.0,0
27.0,55730.2,640.0,Unemployed,0,22931.12,0
43.0,27030.64,472.0,Employed,2,6098.11,0
51.0,45563.62,641.0,Unemployed,1,17492.54,0
68.0,44817.62,,Employed,1,17928.59,0
58.0,66717.91,741.0,Unemployed,1,4986.42,0
24.0,54493.96,595.0,Employed,2,17283.68,0
21.0,44499.46,638.0,Employed,1,8916.05,0
70.0,61355.33,586.0,Employed,0,500.0,0
67.0,72804.15,823.0,Employed,2,21341.94,1
62.0,56156.21,617.0,Employed,1,5799.64,0
28.0,45207.05,,Unemployed,1,5164.05,0
46.0,18763.28,731.0,Employed,3,8775.47,0
73.0,23697.73,698.0,Employed,2,14177.89,0
,38895.51,686.0,Unemployed,2,11541.84,0
42.0,32809.76,689.0,Employed,4,16384.54,0
38.0,41260.57,457.0,Student,3,1284.09,0
74.0,46133.0,622.0,Student,0,6060.91,0
53.0,55593.86,734.0,Employed,2,11072.02,1
27.0,43590.02,645.0,Employed,1,27183.1,0
54.0,54730.03,509.0,,1,11089.5,0
26.0,46289.49,644.0,Unemployed,1,20681.78,0
41.0,8000.0,820.0,Self-Employed,3,12308.44,0
52.0,26213.29,774.0,Self-Employed,0,8130.73,0
,42118.25,643.0,Unemployed,1,10026.2,0
52.0,20806.11,745.0,Employed,4,10652.64,0
65.0,,613.0,Unemployed,1,16829.17,0
53.0,75615.02,479.0,Unemployed,2,22996.89,0
35.0,69375.24,,Self-Employed,2,14877.45,0
66.0,,806.0,Student,1,21496.62,0
56.0,74814.52,622.0,Unemployed,1,4281.68,0
49.0,47973.35,625.0,Employed,4,8682.96,1
41.0,38258.28,620.0,Employed,2,6205.58,0
40.0,32731.95,840.0,Employed,2,14515.56,1
49.0,38950.61,812.0,Employed,2,9128.33,0
54.0,37236.46,850.0,Student,3,17838.18,0
29.0,48408.32,634.0,Employed,2,4551.99,0
66.0,48211.48,679.0,Self-Employed,1,12344.25,0
72.0,45060.92,498.0,Self-Employed,2,17494.86,0
30.0,53738.76,797.0,Employed,1,500.0,1
40.0,68812.93,,Student,2,28973.05,0
,63991.08,671.0,Unemployed,2,9734.78,0
52.0,15302.04,540.0,Self-Employed,2,500.0,0
58.0,8000.0,591.0,Employed,2,13264.75,0
47.0,63686.4,,Employed,2,12267.55,0
34.0,17662.43,589.0,Employed,1,11344.84,0
66.0,40504.69,596.0,Employed,0,19929.53,0
37.0,21597.74,595.0,Self-Employed,2,17979.56,0
65.0,8960.39,733.0,Student,0,14383.01,0
42.0,,539.0,Self-Employed,0,15601.25,0
39.0,60183.1,672.0,Student,2,11165.13,0
30.0,33469.79,,Self-Employed,1,26203.93,0
36.0,8000.0,598.0,Employed,0,500.0,0
66.0,34075.11,578.0,Unemployed,0,13117.21,0
53.0,52836.08,626.0,Employed,1,12520.2,0
29.0,15421.77,767.0,Unemployed,1,18506.24,0
58.0,,669.0,Employed,3,5249.17,0
36.0,44693.8,596.0,Employed,2,500.0,0
29.0,56585.83,698.0,Unemployed,1,13254.58,0
26.0,47391.61,539.0,Self-Employed,1,14249.84,0
24.0,25538.62,718.0,Student,4,23916.8,0
45.0,68931.43,690.0,,2,1837.1,0
31.0,41829.41,619.0,Employed,1,21237.55,0
48.0,,566.0,Self-Employed,1,30939.31,0
69.0,26334.64,,Employed,1,8977.88,0
36.0,36134.35,703.0,Self-Employed,0,1672.46,0
64.0,27303.95,772.0,Unemployed,3,8744.21,0
33.0,41541.08,586.0,Employed,2,12112.04,0
70.0,79234.17,695.0,Self-Employed,0,16510.3,1
22.0,17561.98,441.0,,5,7268.84,0
52.0,12728.77,,Employed,0,24441.59,0
29.0,74423.41,646.0,Unemployed,1,3083.74,0
42.0,40813.53,559.0,Self-Employed,3,500.0,0
69.0,31618.55,556.0,Student,1,,0
38.0,,583.0,Employed,2,500.0,0
53.0,32887.69,679.0,Employed,2,10366.96,0
70.0,81520.19,631.0,Self-Employed,1,36941.45,0
40.0,58558.52,426.0,Employed,3,11903.65,0
33.0,,437.0,Student,1,3033.86,0
74.0,88146.16,589.0,Employed,2,11540.82,0
56.0,32885.7,695.0,Unemployed,2,11593.59,0
62.0,,375.0,Self-Employed,2,13285.2,0
70.0,50985.85,600.0,Employed,0,17298.1,0
59.0,71034.83,597.0,Employed,1,3687.11,1
56.0,76230.22,788.0,Self-Employed,4,25500.38,0
31.0,45640.08,,Self-Employed,0,13960.91,0
48.0,29931.64,688.0,Employed,1,17814.35,0
22.0,,664.0,Student,0,6974.8,0
52.0,31445.69,436.0,Employed,2,22291.06,0
40.0,85267.74,726.0,Employed,4,9943.58,1
46.0,47730.71,671.0,Self-Employed,3,14220.42,0
60.0,37693.57,700.0,Employed,0,4535.15,1
28.0,48693.61,850.0,Student,1,4024.55,0
35.0,18057.47,441.0,Employed,0,17505.64,0
64.0,25567.72,822.0,Employed,1,8451.15,1
29.0,,621.0,Employed,3,5169.42,0
26.0,31862.11,678.0,Self-Employed,0,6854.53,0
27.0,24061.78,645.0,Self-Employed,3,17591.62,0
61.0,55733.06,607.0,Self-Employed,2,6967.7,0
34.0,68714.08,593.0,Employed,2,11058.76,0
,59379.07,682.0,Employed,1,,0
24.0,64920.95,498.0,Unemployed,2,500.0,0
63.0,29864.1,725.0,Employed,1,500.0,1
30.0,16563.79,608.0,Unemployed,1,14690.22,0
57.0,75026.67,536.0,,6,6103.77,0
59.0,38546.4,,Unemployed,2,20453.8,0
26.0,39983.34,775.0,Employed,1,19734.46,0
67.0,71563.88,596.0,Self-Employed,2,17753.35,0
44.0,56124.6,685.0,Employed,0,26558.17,0
19.0,54117.76,576.0,Employed,0,11335.29,0
22.0,88300.05,725.0,Employed,2,17191.06,1
46.0,32129.64,718.0,Employed,2,7324.79,0
54.0,63556.8,834.0,Employed,1,,1
55.0,46140.26,632.0,Self-Employed,0,27869.07,0
36.0,50371.85,716.0,Self-Employed,1,12095.04,0
25.0,75569.37,659.0,Unemployed,1,15092.69,0
65.0,55156.72,779.0,Self-Employed,0,22874.38,0
62.0,55765.92,578.0,Self-Employed,1,10822.88,0
18.0,66450.15,724.0,Employed,0,6747.01,1
39.0,37700.95,630.0,Employed,1,18991.92,0
,28215.81,643.0,Employed,0,12627.51,0
34.0,24103.82,659.0,Unemployed,5,13463.96,0
24.0,8000.0,,Employed,4,5325.83,0
42.0,86124.14,638.0,Employed,3,500.0,0
62.0,22935.83,671.0,Self-Employed,1,13889.14,0
21.0,40574.93,807.0,Employed,1,19239.7,1
53.0,39463.73,748.0,Student,0,10193.55,0
23.0,51148.13,,Unemployed,1,23491.44,0
48.0,61314.74,604.0,Employed,3,6368.67,1
36.0,62209.47,561.0,Employed,2,3562.36,0
61.0,33338.45,745.0,Employed,0,11462.16,0
71.0,41657.57,737.0,Self-Employed,1,11339.26,0
56.0,50651.6,797.0,Employed,3,18159.75,1
44.0,40026.18,589.0,Unemployed,2,5800.3,0
,77146.91,627.0,Self-Employed,1,22944.75,0
43.0,54819.5,486.0,Employed,2,27735.34,0
36.0,59697.56,610.0,Employed,1,11686.85,0
56.0,58257.63,749.0,Unemployed,2,21997.68,0
20.0,68469.48,603.0,Employed,2,3548.02,0
,48620.43,714.0,Unemployed,0,20601.77,0
,19063.36,630.0,Employed,2,20378.21,0
67.0,52993.76,682.0,Self-Employed,1,18907.5,0
45.0,31972.86,535.0,Unemployed,1,11875.5,0
37.0,34427.67,658.0,Unemployed,2,500.0,0
45.0,56727.28,350.0,Employed,1,6866.18,0
25.0,69765.66,631.0,Employed,1,,0
58.0,45425.43,,Unemployed,0,4173.96,0
56.0,51176.66,770.0,Employed,1,12977.94,1
18.0,79044.3,727.0,Employed,2,,0
20.0,49815.06,696.0,Student,1,5403.1,0
30.0,,802.0,Employed,3,3529.6,1
45.0,56310.19,555.0,Employed,2,6275.9,0
74.0,,824.0,Employed,0,20971.99,1
66.0,60066.83,743.0,Self-Employed,0,6711.8,0
42.0,52623.17,,Self-Employed,2,7880.49,0
73.0,70795.06,763.0,Employed,3,8346.42,0
50.0,58463.63,539.0,Employed,0,14711.95,0
55.0,42230.88,567.0,Employed,2,15650.0,0
70.0,20514.04,589.0,Self-Employed,2,500.0,1
23.0,40819.53,597.0,Employed,2,20173.08,0
61.0,27989.59,544.0,Student,0,23490.94,0
62.0,33389.53,772.0,Employed,2,3598.51,1
49.0,56771.57,624.0,Student,2,4221.61,0
62.0,78398.09,685.0,Employed,0,8397.97,0
64.0,52893.43,592.0,Unemployed,0,5951.97,0
38.0,21082.34,467.0,Employed,1,13791.41,0
33.0,53892.05,677.0,Employed,1,500.0,0
71.0,68932.63,458.0,Unemployed,1,3056.58,0
38.0,32804.34,643.0,Unemployed,1,24313.58,0
28.0,42319.66,513.0,Employed,2,4574.24,0
54.0,,848.0,Unemployed,3,21947.43,0
53.0,29302.03,741.0,Self-Employed,1,14842.71,0
52.0,57965.61,660.0,Unemployed,3,500.0,0
36.0,42581.04,776.0,Employed,2,17082.63,1
37.0,53390.65,565.0,Self-Employed,3,11058.66,0
74.0,27250.16,704.0,Employed,2,8356.26,0
,36250.83,669.0,Employed,4,13959.66,0
64.0,59447.63,676.0,Student,2,15797.07,0
58.0,37543.34,777.0,Employed,1,17660.73,1
66.0,79539.28,723.0,Employed,1,21426.02,1
31.0,37007.28,678.0,Self-Employed,0,15265.09,0
32.0,49493.69,484.0,Self-Employed,1,994.93,0
48.0,63651.82,553.0,Employed,1,8210.84,0
18.0,16632.69,637.0,Employed,3,35544.39,0
70.0,9783.82,659.0,Student,1,17795.93,0
71.0,14486.87,536.0,Employed,0,30954.3,0
71.0,70251.68,850.0,Self-Employed,2,23163.47,1
20.0,33962.84,801.0,Unemployed,0,13934.42,0
33.0,96163.99,710.0,Employed,0,14411.26,1
40.0,33715.05,657.0,,2,11707.36,0
74.0,48691.03,628.0,Unemployed,2,500.0,0
,75842.2,554.0,Employed,1,12144.38,0
29.0,85121.86,657.0,Self-Employed,1,21685.4,0
27.0,86230.07,675.0,Self-Employed,0,7202.88,0
49.0,69167.32,525.0,Self-Employed,1,15295.62,0
33.0,65481.25,683.0,Unemployed,1,18812.73,0
25.0,56850.54,634.0,Employed,1,4722.56,1
55.0,60567.22,459.0,Employed,4,8389.58,0
29.0,33976.29,,Employed,2,3856.71,0
,28636.02,608.0,Employed,2,5422.68,0
45.0,44932.51,838.0,Employed,1,1699.16,1
70.0,41596.31,705.0,Unemployed,5,4796.41,0
25.0,35935.44,516.0,Self-Employed,1,23355.65,0
45.0,58927.75,698.0,Self-Employed,3,4676.18,0
53.0,64106.1,495.0,Self-Employed,1,13011.67,0
43.0,46768.14,758.0,Unemployed,2,7977.05,0
25.0,74550.6,602.0,Employed,2,21430.93,0
67.0,22166.22,640.0,Unemployed,0,22489.3,0
45.0,41126.81,782.0,Employed,1,18912.56,0
45.0,30663.55,521.0,Student,3,14449.08,0
54.0,,510.0,Self-Employed,2,10151.52,0
58.0,43346.39,591.0,Employed,2,2465.0,0
53.0,42565.05,753.0,Self-Employed,2,27548.23,0
44.0,75268.99,498.0,Self-Employed,0,5922.62,0
71.0,57616.23,366.0,Employed,4,17309.17,0
34.0,24516.26,604.0,Self-Employed,0,20476.52,0
26.0,82081.85,705.0,Employed,2,7557.76,0
50.0,69420.67,770.0,Employed,1,20304.1,1
70.0,56641.95,603.0,Student,0,18113.71,0
37.0,40470.32,608.0,Self-Employed,0,25823.71,0
30.0,25811.22,765.0,Unemployed,2,8245.23,0
45.0,37555.86,463.0,Self-Employed,2,1713.09,0
65.0,66774.97,611.0,Employed,0,7956.08,0
46.0,82691.73,669.0,Self-Employed,0,13670.83,0
30.0,75864.87,694.0,Self-Employed,2,12465.7,0
63.0,35223.01,599.0,Student,2,8852.5,0
52.0,22607.65,653.0,Employed,1,500.0,0
23.0,47817.72,401.0,Unemployed,2,15763.86,0
35.0,9631.21,584.0,Student,1,27778.76,0
68.0,51463.35,695.0,Self-Employed,3,15714.01,0
,42047.95,551.0,Student,1,16873.08,0
64.0,35679.27,655.0,Employed,1,16579.56,0
42.0,13105.94,694.0,Student,6,15176.37,0
19.0,,615.0,Unemployed,1,19453.33,0
27.0,34345.98,667.0,Employed,1,15162.99,0
73.0,21601.66,553.0,Student,2,9498.58,0
47.0,8000.0,,Employed,0,5632.09,0
67.0,44449.7,711.0,Employed,1,10008.21,1
62.0,80445.03,665.0,Self-Employed,0,14513.04,0
22.0,78225.18,591.0,Employed,0,9471.34,1
,35858.07,672.0,,1,14514.71,1
73.0,32955.76,721.0,Unemployed,3,15513.2,0
50.0,54375.49,445.0,Employed,2,18665.44,0
71.0,25032.29,765.0,Employed,0,,1
18.0,51035.84,616.0,Employed,2,12624.06,0
35.0,60321.61,692.0,Employed,1,1537.79,1
49.0,69538.66,769.0,Unemployed,3,9239.17,0
64.0,42996.92,512.0,Unemployed,2,12352.5,0
66.0,40926.52,579.0,Student,1,500.0,0
28.0,27440.35,621.0,Self-Employed,0,23109.32,0
38.0,28462.39,571.0,Employed,3,13139.02,0
43.0,40470.42,823.0,Student,3,15050.82,0
42.0,52347.31,564.0,Unemployed,2,22924.21,0
,63271.69,594.0,Self-Employed,2,6958.86,0
44.0,28936.42,670.0,Self-Employed,0,16592.34,0
66.0,,529.0,Student,0,11121.09,0
30.0,39577.53,610.0,Unemployed,1,10527.31,0
50.0,44572.65,681.0,Employed,1,5822.46,1
51.0,30055.77,616.0,Unemployed,1,25324.83,0
58.0,8000.0,640.0,Employed,1,8996.0,0
52.0,62680.91,597.0,Employed,2,17595.71,0
18.0,,498.0,Employed,1,500.0,0
,39373.45,682.0,Employed,2,21439.91,0
65.0,46339.81,825.0,Employed,0,20417.69,1
72.0,55318.78,651.0,Employed,2,12779.47,1
23.0,13749.08,672.0,Self-Employed,1,10184.46,0
45.0,34418.95,,Unemployed,1,15200.0,0
34.0,60885.29,523.0,Student,3,30310.33,0
22.0,19914.21,820.0,Employed,1,500.0,1
48.0,50871.16,670.0,Self-Employed,2,18256.22,0
22.0,17868.36,813.0,Student,0,4707.06,0
55.0,54328.6,576.0,Employed,1,11840.65,0
20.0,44287.17,831.0,Unemployed,1,10016.96,0
70.0,12697.36,727.0,Unemployed,1,8573.45,0
40.0,68294.79,705.0,Employed,2,11916.28,1
54.0,30308.17,673.0,Unemployed,1,2926.63,0
70.0,28794.95,,Unemployed,2,20233.44,0
54.0,49011.38,770.0,Employed,2,500.0,1
27.0,67972.75,664.0,Employed,2,16318.12,0
27.0,24683.56,453.0,Employed,1,9387.71,0
36.0,46233.6,538.0,Employed,1,2632.6,0
34.0,53576.33,631.0,Self-Employed,0,13619.07,0
38.0,58862.11,680.0,Self-Employed,1,500.0,1
31.0,48528.83,644.0,Employed,0,12317.71,0
26.0,37659.44,771.0,Student,1,616.98,0
63.0,28448.2,454.0,Employed,2,15690.18,0
18.0,46722.88,664.0,Employed,1,4605.14,1
68.0,23557.22,468.0,Employed,0,8392.05,0
62.0,8000.0,725.0,Self-Employed,1,14351.6,0
30.0,53731.2,640.0,Employed,2,5819.66,1
21.0,63078.7,691.0,Employed,2,11536.29,0
18.0,8000.0,563.0,Employed,0,500.0,0
66.0,24805.39,777.0,Unemployed,2,17047.0,0
57.0,57383.09,754.0,Student,2,26119.31,0
49.0,86149.91,708.0,Employed,1,34337.67,0
51.0,45415.87,637.0,Employed,0,12729.35,0
45.0,30439.94,707.0,Self-Employed,1,18305.63,0
48.0,41342.07,579.0,Unemployed,2,500.0,0
25.0,72497.53,735.0,Employed,2,24021.87,0
56.0,32080.72,814.0,Student,3,18209.83,0
43.0,29016.16,757.0,Self-Employed,2,8128.53,0
,35345.13,577.0,Employed,1,21897.45,0
71.0,,686.0,Self-Employed,0,9964.19,0
71.0,47453.41,520.0,Student,2,8335.8,0
20.0,77493.57,707.0,Unemployed,0,15802.68,0
67.0,51461.59,695.0,Employed,2,3493.16,1
29.0,39952.93,463.0,Employed,4,20173.0,0
18.0,39163.77,533.0,Employed,2,3552.08,0
71.0,13736.18,621.0,Employed,0,3599.56,1
61.0,62662.2,619.0,Unemployed,2,4722.48,0
22.0,43443.26,529.0,Unemployed,1,,0
47.0,41390.4,688.0,Unemployed,1,7065.8,0
47.0,108862.15,,Student,2,1216.03,0
74.0,50975.06,630.0,Employed,3,7154.56,0
34.0,29964.18,574.0,Unemployed,0,11743.66,0
65.0,36472.85,754.0,Unemployed,4,2552.22,0
64.0,67968.91,815.0,Employed,1,2786.55,1
40.0,47265.41,601.0,Unemployed,0,28890.37,0
32.0,16234.44,588.0,Employed,0,5115.48,0
54.0,63384.58,699.0,Unemployed,2,9415.66,0
38.0,31637.12,614.0,Self-Employed,0,9062.1,0
31.0,82465.96,636.0,Employed,4,8629.15,0
19.0,66600.96,723.0,Self-Employed,1,16970.77,0
28.0,36053.56,459.0,Self-Employed,0,19585.14,0
68.0,70620.33,781.0,Employed,3,9552.36,1
56.0,46357.11,657.0,Employed,1,2108.17,1
55.0,62055.47,608.0,Employed,1,22195.52,0
51.0,54694.66,641.0,Self-Employed,1,11237.27,0
55.0,28072.87,646.0,Unemployed,1,25842.57,0
67.0,32129.0,476.0,Student,2,500.0,0
51.0,65599.22,799.0,Self-Employed,0,13563.23,1
35.0,38304.49,654.0,Unemployed,2,27348.85,0
,36927.03,694.0,Employed,4,9173.89,0
32.0,25897.55,745.0,Unemployed,0,10196.05,0
44.0,53471.98,547.0,Employed,2,14364.09,0
68.0,86250.5,697.0,Employed,1,7529.63,0
51.0,23649.34,623.0,Self-Employed,2,9503.42,0
69.0,45484.39,734.0,Employed,1,9297.48,1
74.0,73244.41,437.0,Unemployed,2,6980.63,0
55.0,43407.17,640.0,Unemployed,2,21830.85,0
50.0,54047.44,589.0,Employed,0,15688.62,0
41.0,23752.13,693.0,Employed,3,14005.03,0
32.0,53566.14,697.0,Unemployed,0,18468.57,0
,41257.11,579.0,Unemployed,3,9885.15,0
72.0,64714.6,578.0,Employed,2,5806.37,1
59.0,68747.72,638.0,Employed,1,7179.01,1
68.0,96791.27,560.0,Self-Employed,5,12014.26,0
34.0,56592.66,734.0,Self-Employed,0,3526.31,0
22.0,,613.0,Employed,1,7997.91,0
46.0,48887.69,359.0,Employed,1,7871.07,0
21.0,37936.67,612.0,Student,0,28996.45,0
27.0,51769.68,546.0,Self-Employed,1,500.0,0
73.0,39091.97,486.0,Student,1,10563.04,0
34.0,48369.22,526.0,Unemployed,1,25805.55,0
27.0,71351.95,660.0,Student,2,12974.76,0
34.0,24869.15,782.0,Employed,2,18027.34,0
37.0,67797.57,681.0,Unemployed,1,12798.61,0
41.0,71342.3,589.0,Employed,1,6661.33,0
22.0,42638.63,695.0,Self-Employed,2,500.0,0
51.0,8000.0,604.0,Employed,0,13643.65,0
23.0,32843.56,580.0,Employed,0,5795.15,0
70.0,70939.89,534.0,Unemployed,2,5597.32,0
19.0,44542.64,474.0,Unemployed,1,8008.1,0
30.0,,611.0,Employed,1,25958.89,0
60.0,34904.5,665.0,Self-Employed,1,31238.7,0
60.0,61812.4,640.0,Employed,0,13737.66,0
65.0,55934.67,608.0,Employed,0,8281.86,0
28.0,40221.36,555.0,Unemployed,2,2582.19,0
68.0,37663.51,710.0,Employed,0,15748.32,1
64.0,37164.84,518.0,Student,0,26263.24,0
74.0,26551.8,727.0,Employed,1,10021.28,1
40.0,77307.51,549.0,Self-Employed,3,500.0,0
,38553.59,574.0,Self-Employed,0,17360.4,0
33.0,69343.17,503.0,Employed,3,19883.2,0
48.0,75426.32,599.0,Employed,3,500.0,0
28.0,64966.22,747.0,Unemployed,2,13411.87,0
71.0,36367.59,701.0,Unemployed,1,15609.81,0
33.0,53074.6,747.0,Employed,1,11415.14,1
25.0,44516.09,702.0,Self-Employed,2,5673.83,0
21.0,26925.96,539.0,Employed,1,20127.5,0
57.0,,616.0,Employed,3,8772.96,0
21.0,21419.2,571.0,Employed,1,500.0,0
73.0,68753.59,783.0,Employed,1,500.0,1
42.0,35707.65,530.0,Unemployed,1,22086.8,0
,49023.19,739.0,Unemployed,3,16933.31,0
49.0,50665.76,,Student,2,12703.79,0
20.0,39821.9,832.0,Self-Employed,0,8477.8,1
44.0,56733.88,,Student,3,7768.01,0
46.0,35501.93,721.0,Self-Employed,2,3394.11,0
49.0,62425.95,850.0,Self-Employed,2,8548.35,1
67.0,18080.41,588.0,,3,500.0,0
68.0,47527.59,496.0,Self-Employed,2,6111.49,0
36.0,83778.58,461.0,Employed,1,9512.5,0
38.0,24993.37,721.0,Unemployed,3,16879.04,0
22.0,,461.0,Student,3,11680.59,0
35.0,,612.0,Unemployed,1,18359.38,0
45.0,48591.64,693.0,Self-Employed,3,22793.08,0
59.0,52012.6,668.0,Self-Employed,2,20465.36,0
39.0,54783.74,692.0,Student,2,15764.08,0
38.0,57694.43,672.0,Employed,2,12094.9,0
23.0,67194.0,777.0,Self-Employed,2,4153.7,1
18.0,53196.37,,Employed,4,17919.55,0
22.0,40174.85,582.0,Self-Employed,1,25437.98,0
58.0,58451.47,572.0,Self-Employed,1,14736.85,0
29.0,82997.64,733.0,Employed,1,27338.07,0
43.0,42347.33,740.0,Employed,2,500.0,1
63.0,25509.41,695.0,Self-Employed,0,2766.69,0
51.0,67141.61,768.0,Employed,1,18841.61,0
66.0,42592.38,532.0,Employed,0,14114.32,0
31.0,8000.0,816.0,Unemployed,4,22510.26,0
43.0,61948.43,802.0,Employed,2,11876.23,0
62.0,34293.44,723.0,Employed,4,5056.2,0
44.0,43189.33,828.0,Student,2,10291.25,0
26.0,51639.61,484.0,Employed,1,500.0,0
43.0,48809.99,597.0,Employed,1,2971.27,0
74.0,59189.04,576.0,Self-Employed,3,19779.55,0
64.0,,722.0,Unemployed,3,18982.3,0
74.0,55262.12,544.0,Student,1,,0
39.0,39809.07,725.0,Student,0,500.0,0
64.0,59776.21,787.0,Unemployed,2,9132.77,0
73.0,,719.0,Employed,3,2200.0,1
47.0,26291.23,678.0,Employed,2,21412.27,0
,66719.64,551.0,Employed,0,7330.22,0
65.0,34280.73,565.0,Employed,0,3314.02,0
34.0,61161.16,774.0,Unemployed,2,12238.37,0
43.0,52345.75,727.0,Self-Employed,0,6878.76,0
53.0,81763.67,646.0,Employed,1,23869.95,0
18.0,,608.0,Unemployed,1,6121.51,0
25.0,38013.66,447.0,Employed,0,806.17,0
66.0,,542.0,Employed,1,500.0,1
52.0,38936.4,841.0,Self-Employed,1,,0
69.0,60998.84,521.0,Employed,2,7504.56,0
32.0,12673.79,668.0,Employed,2,568.76,1
64.0,23926.35,,Employed,0,21513.81,0
73.0,23643.94,524.0,Employed,3,17337.96,0
39.0,64006.15,668.0,Unemployed,0,11774.26,0
31.0,79212.27,743.0,Student,1,22914.61,0
43.0,42911.02,651.0,Employed,2,,0
45.0,41623.57,850.0,Employed,3,5417.15,0
40.0,46401.04,483.0,Unemployed,0,,0
,68237.57,755.0,Student,1,18543.85,0
,26452.94,632.0,Employed,1,15170.94,0
19.0,49767.38,727.0,Employed,1,13357.98,0
62.0,64503.95,694.0,Unemployed,1,5228.02,0
43.0,55021.88,576.0,Self-Employed,1,16863.58,0
31.0,48791.63,672.0,Employed,1,5956.01,0
73.0,65020.92,464.0,Self-Employed,3,11184.11,0
68.0,8000.0,710.0,Employed,0,23575.55,0
24.0,58557.51,679.0,,2,6713.33,0
20.0,31918.49,713.0,Self-Employed,1,500.0,0
64.0,8387.34,755.0,Unemployed,1,3579.62,0
40.0,55224.05,686.0,Employed,3,19954.39,0
63.0,72473.17,664.0,Employed,2,14037.85,0
60.0,42251.03,561.0,Employed,0,10968.98,0
64.0,64057.49,578.0,Unemployed,0,7927.25,0
62.0,77245.57,768.0,Employed,0,15882.88,1
35.0,71298.29,793.0,Employed,1,5207.16,1
55.0,77799.29,626.0,Employed,1,,0
52.0,59842.55,654.0,Unemployed,3,6149.96,0
,46508.67,,Employed,1,,1
32.0,12960.68,767.0,Employed,1,6900.1,0
42.0,40078.75,716.0,Employed,2,8996.74,1
72.0,,844.0,Unemployed,2,11609.36,0
54.0,88418.85,562.0,Self-Employed,1,13883.65,1
45.0,41482.28,612.0,Unemployed,3,500.0,0
27.0,47464.1,673.0,Student,0,5538.8,0
56.0,56029.71,714.0,Student,2,8867.44,0
74.0,45872.05,628.0,Employed,3,24040.5,0
34.0,78901.02,562.0,Student,3,3359.98,0
56.0,32547.01,,Employed,2,13302.37,0
39.0,48892.15,722.0,Employed,2,23960.24,0
43.0,30150.59,558.0,Student,3,1496.25,0
61.0,,785.0,Employed,1,15151.8,1
42.0,32764.62,767.0,Employed,0,,1
34.0,44259.26,663.0,Employed,1,7962.93,0
30.0,36413.96,657.0,Self-Employed,1,5575.11,0
37.0,31151.58,705.0,Employed,1,6145.14,0
42.0,16873.65,563.0,Unemployed,3,33775.3,0
21.0,43337.89,653.0,Student,0,18755.65,0
27.0,14905.59,434.0,Self-Employed,2,20813.9,0
20.0,60201.12,737.0,Employed,1,15935.95,0
58.0,46648.8,493.0,Student,2,500.0,0
62.0,15848.97,800.0,Employed,0,15159.66,1
35.0,38815.82,616.0,Employed,0,20583.44,0
64.0,29956.87,628.0,Employed,2,5172.8,0
53.0,51383.49,587.0,Self-Employed,0,19722.61,0
64.0,71809.01,621.0,Employed,2,17634.69,0
39.0,8000.0,791.0,Employed,1,26816.32,0
51.0,47300.52,401.0,Employed,2,8657.74,0
64.0,41797.34,777.0,Employed,2,3219.11,1
25.0,58426.8,683.0,Self-Employed,1,9106.98,0
57.0,,529.0,Unemployed,2,23484.57,0
66.0,29960.61,542.0,,0,500.0,0
61.0,38618.92,817.0,Employed,0,500.0,1
36.0,29079.48,555.0,Employed,1,12715.16,0
59.0,66520.14,534.0,Student,2,8459.29,0
58.0,45426.23,763.0,Employed,1,12061.82,1
54.0,83023.81,683.0,Unemployed,0,19562.49,0
23.0,43786.78,556.0,Employed,1,7579.45,0
69.0,30831.86,671.0,Student,1,500.0,0
43.0,14725.71,547.0,Employed,1,28355.85,0
51.0,8937.21,760.0,Employed,0,4022.17,1
73.0,13317.28,756.0,Unemployed,0,3527.7,0
62.0,50342.53,703.0,Self-Employed,1,20829.76,0
,55174.5,686.0,Employed,1,8924.09,1
54.0,13376.19,826.0,Self-Employed,0,11492.88,0
74.0,62900.77,649.0,Unemployed,1,15862.32,0
50.0,35338.78,531.0,Employed,0,20668.66,0
70.0,47935.86,694.0,Employed,1,9332.31,0
39.0,77244.41,850.0,Employed,2,24159.62,0
,62936.79,548.0,Employed,1,500.0,0
23.0,39629.39,613.0,Self-Employed,2,18078.3,0
23.0,27176.16,691.0,Employed,4,5283.78,0
72.0,8000.0,644.0,Employed,1,22978.17,0
65.0,30616.93,551.0,Employed,1,13136.36,0
21.0,40777.4,762.0,Self-Employed,2,6616.76,0
47.0,25256.41,850.0,Employed,2,17302.73,1
28.0,42374.86,669.0,Employed,1,19145.51,0
47.0,46537.04,559.0,Employed,1,17135.15,0
48.0,40502.88,495.0,Student,2,3762.43,0
41.0,31999.95,675.0,Employed,2,8127.86,0
72.0,48373.09,,Unemployed,2,11967.42,0
26.0,53838.81,697.0,Employed,0,11669.92,0
72.0,23192.02,649.0,Employed,1,17997.96,0
20.0,73218.65,591.0,Self-Employed,2,500.0,0
68.0,43028.24,540.0,Employed,3,14674.62,0
48.0,45376.99,733.0,Student,1,9680.15,0
57.0,59164.29,741.0,Student,2,5292.0,1
54.0,49664.32,495.0,,0,6060.11,0
53.0,64062.73,808.0,Self-Employed,1,10283.7,0
,50742.48,707.0,Employed,3,500.0,0
48.0,32751.25,789.0,Employed,0,6389.68,1
23.0,52230.07,515.0,Student,2,4993.48,0
19.0,22125.48,513.0,Self-Employed,1,16262.27,0
,47171.19,,Self-Employed,3,5555.79,0
45.0,44335.4,700.0,Employed,0,10279.09,1
28.0,40837.66,,Employed,2,24338.21,0
21.0,42429.25,720.0,Student,1,19954.81,0
32.0,8000.0,625.0,Employed,0,19218.17,0
23.0,34025.5,547.0,Employed,1,8001.02,0
71.0,46856.9,773.0,Employed,2,16344.26,1
66.0,48197.13,553.0,Unemployed,2,10128.82,0
47.0,24446.5,812.0,Employed,1,10431.25,1
73.0,70314.16,621.0,Unemployed,0,15277.48,0
55.0,27676.5,809.0,Employed,0,7224.05,1
68.0,64389.14,717.0,Student,1,23944.02,0
74.0,53543.89,636.0,Unemployed,3,10718.96,0
19.0,32075.45,598.0,Employed,1,16946.88,0
32.0,80506.22,615.0,Self-Employed,0,23644.8,0
28.0,21127.26,,Employed,0,,0
25.0,63383.08,657.0,Employed,2,728.65,1
43.0,65011.65,590.0,Unemployed,0,15559.17,0
68.0,31587.6,,Employed,1,18805.76,0
62.0,72849.31,657.0,Employed,4,19134.9,0
61.0,39999.07,437.0,Employed,2,3093.64,0
22.0,50773.87,695.0,Employed,0,6743.72,0
23.0,50206.44,552.0,Unemployed,2,19956.47,0
43.0,,534.0,Employed,2,5905.92,0
,61216.17,481.0,Student,4,9602.43,0
21.0,60869.77,470.0,Student,1,24607.01,0
36.0,10029.36,514.0,Employed,1,11617.61,0
37.0,71086.8,579.0,Employed,0,6185.81,1
50.0,11750.16,845.0,Unemployed,1,4979.06,0
37.0,65650.92,597.0,Employed,0,14661.75,0
66.0,67534.1,667.0,Employed,4,1334.82,1
29.0,23180.67,690.0,Employed,1,10021.31,0
64.0,36783.71,663.0,Self-Employed,0,14665.84,0
18.0,22885.91,642.0,Unemployed,2,22393.2,0
43.0,40701.58,530.0,Employed,2,17340.38,0
31.0,38839.31,795.0,Employed,0,6287.48,1
55.0,60593.21,830.0,Student,3,21427.35,0
54.0,,481.0,Unemployed,1,9603.88,0
28.0,72913.68,547.0,Self-Employed,0,2114.38,0
53.0,33756.64,622.0,Unemployed,2,10623.67,0
30.0,40815.56,553.0,Employed,0,23505.35,0
60.0,11331.24,700.0,Unemployed,2,13321.92,0
20.0,28882.6,577.0,Employed,1,12100.17,0
50.0,64297.03,850.0,Employed,1,25097.69,1
23.0,77311.66,769.0,Unemployed,0,549.16,0
67.0,20313.02,671.0,Employed,1,1715.21,1
73.0,33150.71,752.0,Student,2,500.0,0
27.0,44471.88,760.0,,1,14981.19,0
22.0,50603.22,593.0,Student,4,13331.95,0
40.0,28807.93,568.0,Student,0,,0
27.0,,657.0,Employed,3,13947.8,0
61.0,35523.21,,Unemployed,3,8766.74,0
19.0,44710.95,663.0,Employed,1,12014.36,0
30.0,55925.68,492.0,Student,2,12941.66,0
57.0,45128.45,569.0,Employed,1,500.0,0
19.0,36272.28,642.0,Unemployed,0,33682.65,0
37.0,,642.0,Employed,0,16158.97,0
18.0,43232.74,847.0,Employed,1,13680.07,1
,37599.78,511.0,Employed,1,16921.31,0
26.0,,700.0,Employed,0,,0
34.0,76972.94,798.0,Unemployed,2,10875.57,0
26.0,56218.39,850.0,Self-Employed,1,6950.07,1
28.0,39090.39,609.0,Self-Employed,0,16795.61,0
32.0,58939.09,699.0,Employed,0,15085.69,1
41.0,38323.61,706.0,Employed,0,5520.88,1
55.0,68462.49,669.0,Employed,4,23352.28,0
72.0,52392.84,640.0,Unemployed,2,14346.82,0
52.0,42853.96,693.0,Student,3,17838.55,0
47.0,53954.34,396.0,Employed,1,23135.37,0
,,718.0,Employed,2,12175.11,0
66.0,22464.65,662.0,,3,14535.62,0
22.0,21121.5,627.0,Self-Employed,3,18480.22,0
61.0,47858.86,850.0,Self-Employed,0,6201.11,0
67.0,79650.3,582.0,Unemployed,0,12432.41,0
31.0,89626.0,609.0,Employed,3,13004.39,0
70.0,57761.02,849.0,Unemployed,0,4351.53,0
,55016.89,566.0,Self-Employed,2,30541.09,0
28.0,,594.0,Employed,2,741.65,0
26.0,34146.52,635.0,Self-Employed,2,1615.17,1
,29244.32,734.0,Employed,3,22513.81,0
29.0,32583.05,670.0,Employed,1,17706.13,0
52.0,41637.12,520.0,Student,3,3792.28,0
52.0,35558.19,596.0,Employed,0,16858.31,0
18.0,8000.0,589.0,Unemployed,0,,0
,59958.21,642.0,Self-Employed,3,11757.9,0
,23545.14,692.0,Employed,0,32790.58,0
46.0,49784.94,691.0,Self-Employed,1,500.0,0
25.0,86481.65,472.0,Self-Employed,1,17550.59,0
28.0,26612.31,756.0,Employed,1,21332.23,0
58.0,8000.0,675.0,Employed,3,19130.75,0
54.0,39279.92,788.0,Employed,1,10365.15,0
31.0,67019.19,694.0,Employed,2,9676.47,0
47.0,84166.95,760.0,Employed,0,15553.16,1
52.0,20409.01,696.0,Employed,2,18526.04,0
38.0,54933.98,784.0,Employed,1,16819.79,1
54.0,35693.79,702.0,Student,0,20320.46,0
22.0,42881.03,640.0,Employed,1,3849.04,0
36.0,97886.87,850.0,Unemployed,2,10177.83,1
31.0,14940.59,738.0,Self-Employed,1,4479.87,0
43.0,50074.79,707.0,Unemployed,1,8911.1,0
21.0,54353.86,522.0,Employed,1,20121.77,0
42.0,66715.73,521.0,Student,2,12863.87,0
62.0,46959.66,679.0,Self-Employed,2,,0
59.0,,664.0,Unemployed,0,13547.25,0
42.0,37167.03,,Employed,1,12477.54,0
35.0,50382.54,664.0,Employed,1,12849.46,0
,38136.15,,Self-Employed,1,6897.53,1
25.0,57431.44,719.0,Employed,2,,0
56.0,37607.79,535.0,,1,21022.3,0
57.0,,638.0,Employed,2,12911.77,0
31.0,44414.74,569.0,Self-Employed,1,5652.32,0
,67521.01,611.0,Student,1,4599.32,0
68.0,,,Employed,3,8398.38,0
55.0,9539.35,602.0,Unemployed,1,12590.91,0
50.0,,524.0,Self-Employed,0,21548.69,0
40.0,26885.35,637.0,Employed,3,1276.09,0
32.0,31924.67,593.0,Student,1,9441.39,0
50.0,33086.77,357.0,Student,1,,0
42.0,72488.76,850.0,Unemployed,2,500.0,1
34.0,8000.0,758.0,Employed,1,5331.21,1
50.0,107754.97,612.0,Self-Employed,2,6560.89,0
64.0,66121.14,651.0,Employed,2,5632.24,1
72.0,49464.78,532.0,Employed,0,13535.12,0
19.0,43902.12,819.0,Employed,1,10715.52,1
31.0,50711.08,839.0,Unemployed,1,7557.71,0
70.0,55422.45,665.0,Student,0,15423.7,0
57.0,57904.31,752.0,Employed,0,25784.6,1
57.0,56112.09,667.0,Employed,2,25114.05,0
68.0,46791.61,516.0,Unemployed,0,500.0,0
56.0,41053.23,608.0,Employed,2,16616.58,0
68.0,41974.53,663.0,Self-Employed,0,10575.81,0
23.0,41101.83,604.0,Employed,0,13241.24,0
23.0,67675.4,628.0,Employed,0,8813.74,0
20.0,56871.13,640.0,Student,0,12940.71,0
24.0,8000.0,641.0,Employed,1,13211.26,0
68.0,58118.02,655.0,Employed,1,7368.39,0
25.0,48894.72,543.0,Employed,3,4829.06,0
59.0,44625.82,578.0,Student,1,8410.43,0
69.0,37229.63,521.0,Unemployed,4,13874.07,0
32.0,67482.25,747.0,Employed,1,16791.97,1
64.0,63950.53,439.0,Employed,0,18826.79,0
46.0,29542.45,765.0,Self-Employed,1,8046.48,0
,53141.05,788.0,Employed,1,14270.76,1
69.0,25566.87,619.0,Self-Employed,2,19700.02,0
47.0,17407.64,389.0,Employed,2,21324.76,0
56.0,32465.66,613.0,Employed,1,,0
44.0,62247.87,,Self-Employed,3,10232.55,0
53.0,64062.5,548.0,Employed,1,13528.99,0
46.0,55261.71,598.0,Unemployed,0,2802.34,0
55.0,59501.92,803.0,Employed,1,10451.12,1
74.0,,716.0,Employed,2,17956.69,0
50.0,32170.37,557.0,Student,1,17135.58,0
54.0,53638.45,490.0,Employed,1,9837.86,0
44.0,61008.19,617.0,Unemployed,0,13741.75,0
72.0,60085.83,,Employed,0,5402.8,0
50.0,68778.27,699.0,Self-Employed,0,17627.94,1
21.0,59166.08,596.0,Unemployed,0,11377.43,0
39.0,52028.96,701.0,Employed,1,9792.39,1
19.0,66403.0,843.0,Unemployed,1,,0
27.0,44469.57,731.0,Self-Employed,1,11496.85,0
22.0,27362.51,645.0,Employed,0,8416.98,0
,41738.66,631.0,Self-Employed,1,17265.14,0
50.0,30101.95,614.0,Self-Employed,4,8837.73,0
71.0,31496.43,768.0,Employed,2,24743.71,0
55.0,42109.63,587.0,Employed,0,23721.68,0
,29151.6,654.0,Employed,2,4867.65,0
48.0,38840.77,655.0,Employed,0,12557.63,1
64.0,8000.0,599.0,Unemployed,1,6794.75,0
53.0,49265.87,512.0,Employed,1,9386.82,0
62.0,45024.11,682.0,Student,1,28019.42,0
41.0,28658.23,,Employed,2,,0
69.0,58184.91,700.0,Employed,3,14881.81,1
73.0,63751.4,596.0,Unemployed,2,16330.57,0
32.0,12848.8,772.0,Self-Employed,0,3994.97,0
46.0,,562.0,Self-Employed,1,5159.24,0
25.0,29617.15,821.0,Employed,0,2351.82,1
22.0,26201.94,475.0,,1,4912.23,0
46.0,61589.5,693.0,Employed,2,500.0,1
64.0,41123.48,697.0,Student,2,16356.66,0
21.0,,570.0,Employed,0,28433.55,0
29.0,,692.0,Student,0,13182.57,0
,57708.36,777.0,Self-Employed,1,669.85,0
19.0,,428.0,Employed,0,6857.79,0
,46198.65,700.0,Self-Employed,0,8328.99,1
48.0,50547.54,400.0,Unemployed,2,3859.32,0
68.0,72213.17,553.0,Student,0,18881.46,0
68.0,18823.59,812.0,Employed,0,18482.08,0
53.0,8000.0,591.0,Employed,2,2756.39,0
53.0,48676.99,532.0,Employed,2,17800.65,0
43.0,,630.0,Employed,3,24214.5,0
60.0,69778.93,850.0,Self-Employed,1,27220.47,0
44.0,49193.19,466.0,Unemployed,2,34921.7,0
22.0,35167.28,544.0,Employed,1,4784.06,0
37.0,61142.45,799.0,Unemployed,2,,0
28.0,25529.08,835.0,Self-Employed,1,9166.35,0
27.0,54527.16,639.0,Employed,3,,0
57.0,55109.4,526.0,Employed,1,14616.58,0
55.0,66204.2,850.0,Unemployed,1,7343.51,0
23.0,100193.2,809.0,Unemployed,4,15192.35,0
25.0,52848.32,717.0,Self-Employed,0,1439.38,0
40.0,34820.73,568.0,Employed,2,10089.98,0
64.0,44488.51,645.0,Employed,2,22284.66,0
43.0,9618.48,633.0,Employed,1,11543.51,0
63.0,31105.74,683.0,Self-Employed,4,13132.77,0
60.0,36814.35,795.0,Unemployed,2,15802.07,1
29.0,34518.23,737.0,Employed,4,21365.29,0
43.0,48047.1,542.0,Unemployed,0,500.0,0
30.0,28551.6,787.0,Self-Employed,1,16676.19,0
57.0,67420.61,681.0,Self-Employed,3,,0
35.0,45004.14,718.0,Student,3,13333.1,0
42.0,44813.99,796.0,Employed,1,20479.6,1
50.0,38442.11,538.0,Student,0,2446.51,0
64.0,48103.81,646.0,Employed,1,3898.84,1
57.0,61501.97,596.0,Employed,2,500.0,1
60.0,27657.4,493.0,Unemployed,2,7606.73,0
29.0,31837.67,684.0,Student,2,22643.46,0
61.0,38925.48,850.0,Self-Employed,1,11035.3,1
53.0,18082.58,465.0,,1,1279.0,0
65.0,28614.84,646.0,Unemployed,3,,0
21.0,35475.58,714.0,Unemployed,3,500.0,0
22.0,62487.78,662.0,Employed,2,2998.51,0
73.0,,638.0,Unemployed,3,15110.55,0
54.0,48871.8,520.0,,2,2609.01,0
25.0,62017.96,673.0,Employed,2,20901.07,0
59.0,42252.56,574.0,Employed,1,11431.04,0
66.0,52809.3,431.0,Self-Employed,0,12684.76,0
45.0,42935.56,769.0,Student,1,9773.02,0
48.0,50307.25,745.0,Self-Employed,2,18182.78,0
26.0,33344.83,655.0,Student,3,18265.28,0
71.0,8000.0,672.0,Employed,2,14680.43,0
68.0,42314.42,757.0,Unemployed,1,,0
46.0,73454.96,672.0,Unemployed,1,10303.28,0
31.0,63524.31,740.0,Self-Employed,0,16337.62,0
57.0,64307.95,620.0,Self-Employed,0,9296.98,1
58.0,69722.61,781.0,Self-Employed,3,12017.85,0
39.0,46773.15,682.0,Unemployed,1,9802.85,0
28.0,48946.31,669.0,Unemployed,2,8342.25,0
40.0,32646.96,522.0,Employed,2,6487.11,0
,,678.0,Unemployed,1,15741.52,0
63.0,57315.42,566.0,Employed,1,22484.85,0
54.0,69077.69,586.0,Employed,2,21368.82,0
38.0,42211.07,568.0,Unemployed,2,1947.48,0
43.0,35996.21,543.0,Employed,1,22313.62,0
63.0,45010.56,850.0,Unemployed,2,,0
53.0,57024.13,783.0,Employed,1,16805.86,1
71.0,16122.9,842.0,Employed,0,4750.28,1
40.0,8000.0,527.0,Employed,0,13135.84,0
74.0,33989.26,657.0,Employed,0,14509.79,0
18.0,20585.75,520.0,Unemployed,4,500.0,0
71.0,34837.2,580.0,Employed,3,16866.14,0
72.0,42044.39,558.0,Employed,3,22767.48,0
68.0,35935.03,773.0,,0,10602.82,1
57.0,74049.35,610.0,Employed,2,22881.35,0
32.0,51534.9,756.0,Unemployed,2,10482.45,0
38.0,51009.49,710.0,Employed,2,18796.68,0
64.0,57444.14,,Self-Employed,3,500.0,1
26.0,22223.34,502.0,Student,2,31350.22,0
70.0,65782.24,775.0,Self-Employed,1,23963.67,0
26.0,43484.71,764.0,Unemployed,1,9723.0,0
27.0,58409.61,552.0,Employed,0,500.0,0
,23562.86,750.0,Employed,1,14304.23,1
74.0,13924.82,683.0,Student,1,500.0,0
70.0,61357.79,627.0,Unemployed,1,15558.83,0
43.0,52528.19,567.0,Self-Employed,0,15292.53,0
58.0,26958.97,578.0,Self-Employed,0,4468.77,1
52.0,27606.74,850.0,Employed,2,20967.74,1
69.0,67508.7,650.0,Employed,3,18444.6,0
42.0,21211.76,728.0,Unemployed,1,19806.59,0
43.0,77853.46,570.0,Self-Employed,2,12070.86,0
28.0,26987.59,572.0,Employed,1,,0
55.0,57767.84,758.0,Student,2,19822.98,0
19.0,38427.63,515.0,Employed,1,9837.03,0
24.0,57063.75,608.0,Employed,2,881.76,1
35.0,34117.72,653.0,Unemployed,1,22816.31,0
44.0,41744.14,661.0,Unemployed,1,28795.26,0
51.0,45818.38,632.0,Self-Employed,2,11670.01,0
44.0,24956.25,689.0,Employed,2,29272.97,0
34.0,59816.49,719.0,Employed,2,12730.52,0
60.0,34735.73,723.0,Self-Employed,1,8956.35,0
61.0,40428.0,551.0,Employed,1,6956.33,0
68.0,,621.0,Unemployed,0,25096.66,0
71.0,8000.0,769.0,Student,2,5758.85,0
41.0,,739.0,Unemployed,3,17882.15,0
42.0,93252.31,,Employed,1,7526.69,0
24.0,60692.09,685.0,Unemployed,1,8317.55,0
69.0,44614.79,452.0,,0,20242.0,0
23.0,39742.18,654.0,Employed,0,,0
70.0,,839.0,Employed,0,8761.64,0
41.0,55942.38,555.0,Employed,0,21062.44,0
50.0,21383.74,,Student,0,24779.18,0
66.0,67286.43,726.0,Employed,2,17157.52,0
46.0,59307.63,495.0,Employed,2,6761.84,0
60.0,59363.71,586.0,Student,2,7915.13,0
39.0,53769.51,709.0,Employed,1,12639.32,0
43.0,45392.33,586.0,Unemployed,1,14567.44,0
45.0,58457.22,626.0,Employed,1,4097.07,0
67.0,56836.28,724.0,Employed,1,17784.3,0
38.0,37919.19,692.0,Student,0,12684.11,0
66.0,33527.96,676.0,Employed,2,500.0,1
24.0,47037.13,,Self-Employed,1,4568.59,0
34.0,75980.4,687.0,Employed,0,,1
37.0,20217.86,637.0,Employed,0,11417.14,0
58.0,15649.49,695.0,Employed,1,27114.23,0
66.0,48295.22,600.0,Employed,0,13905.37,0
37.0,46017.75,631.0,,1,5273.82,1
71.0,48466.83,551.0,Unemployed,1,13765.05,0
39.0,49879.06,646.0,Employed,2,9183.3,0
45.0,40535.95,568.0,Employed,1,14598.07,0
57.0,74797.27,538.0,Employed,1,16644.54,0
66.0,12981.92,675.0,Student,0,21673.85,0
24.0,28430.06,671.0,Student,2,11805.71,0
18.0,42934.9,728.0,Unemployed,1,25111.68,0
49.0,12136.22,606.0,Student,2,19264.18,0
30.0,41482.91,690.0,Employed,2,6340.48,0
47.0,78229.4,705.0,Employed,0,29678.85,0
40.0,45417.73,,Self-Employed,3,14615.96,0
68.0,49614.02,567.0,Self-Employed,0,5319.0,1
73.0,19796.7,664.0,Employed,2,25223.3,0
36.0,32672.77,686.0,Employed,1,28622.22,0
49.0,37496.07,650.0,Student,1,11735.8,0
47.0,38645.7,441.0,Unemployed,5,7970.8,0
46.0,70632.88,666.0,Employed,2,10621.0,0
66.0,56153.82,850.0,Unemployed,2,17717.85,0
62.0,22770.84,613.0,Employed,1,22222.85,0
46.0,49930.1,577.0,Employed,0,16563.9,0
47.0,54964.43,687.0,Employed,1,12813.79,0
33.0,67802.98,681.0,Employed,1,23984.09,0
